<?xml version='1.0' encoding='utf-8' ?>
<!DOCTYPE document SYSTEM "file:///C:/Xilinx/14.7/ISE_DS/ISE/xc9500xl/data/xmlReport9kxl.dtd">
<document><ascFile>Schematlab1.rpt</ascFile><devFile>C:/Xilinx/14.7/ISE_DS/ISE/xc9500xl/data/xc9572xl.chp</devFile><mfdFile>Schematlab1.mfd</mfdFile><htmlFile logic_legend="logiclegend.htm" logo="xc9500xl_logo.jpg" pin_legend="pinlegend.htm"/><header date="10-10-2025" design="Schematlab1" device="XC9572XL" eqnType="1" pkg="PC44" speed="-10" status="1" statusStr="Successful" swVersion="P.20131013" time=" 10:08AM" version="1.0"/><inputs id="X3_SPECSIG" userloc="P14"/><inputs id="X2_SPECSIG" userloc="P19"/><inputs id="X1_SPECSIG" userloc="P20"/><inputs id="X0_SPECSIG" userloc="P22"/><pin id="FB1_MC2_PIN1" pinnum="1"/><pin id="FB1_MC5_PIN2" pinnum="2"/><pin id="FB1_MC6_PIN3" pinnum="3"/><pin id="FB1_MC8_PIN4" pinnum="4"/><pin id="FB1_MC9_PIN5" pinnum="5"/><pin id="FB1_MC11_PIN6" pinnum="6"/><pin id="FB1_MC14_PIN7" pinnum="7"/><pin id="FB1_MC15_PIN8" pinnum="8"/><pin id="FB1_MC17_PIN9" pinnum="9"/><pin id="FB2_MC2_PIN35" pinnum="35" signal="Y0_SPECSIG" use="O"/><pin id="FB2_MC5_PIN36" pinnum="36"/><pin id="FB2_MC6_PIN37" pinnum="37"/><pin id="FB2_MC8_PIN38" pinnum="38"/><pin id="FB2_MC9_PIN39" pinnum="39"/><pin id="FB2_MC11_PIN40" pinnum="40"/><pin id="FB2_MC14_PIN42" pinnum="42"/><pin id="FB2_MC15_PIN43" pinnum="43"/><pin id="FB2_MC17_PIN44" pinnum="44"/><pin id="FB3_MC2_PIN11" pinnum="11"/><pin id="FB3_MC5_PIN12" pinnum="12"/><pin id="FB3_MC8_PIN13" pinnum="13"/><pin id="FB3_MC9_PIN14" pinnum="14" signal="X3_SPECSIG" use="I"/><pin id="FB3_MC11_PIN18" pinnum="18"/><pin id="FB3_MC14_PIN19" pinnum="19" signal="X2_SPECSIG" use="I"/><pin id="FB3_MC15_PIN20" pinnum="20" signal="X1_SPECSIG" use="I"/><pin id="FB3_MC16_PIN24" pinnum="24"/><pin id="FB3_MC17_PIN22" pinnum="22" signal="X0_SPECSIG" use="I"/><pin id="FB4_MC2_PIN25" pinnum="25"/><pin id="FB4_MC5_PIN26" pinnum="26"/><pin id="FB4_MC8_PIN27" pinnum="27"/><pin id="FB4_MC11_PIN28" pinnum="28"/><pin id="FB4_MC14_PIN29" pinnum="29" signal="Y1_SPECSIG" use="O"/><pin id="FB4_MC15_PIN33" pinnum="33" signal="Y2_SPECSIG" use="O"/><pin id="FB4_MC17_PIN34" pinnum="34" signal="Y3_SPECSIG" use="O"/><fblock id="FB1" inputUse="0" pinUse="0"><macrocell id="FB1_MC1"/><macrocell id="FB1_MC2" pin="FB1_MC2_PIN1"/><macrocell id="FB1_MC3"/><macrocell id="FB1_MC4"/><macrocell id="FB1_MC5" pin="FB1_MC5_PIN2"/><macrocell id="FB1_MC6" pin="FB1_MC6_PIN3"/><macrocell id="FB1_MC7"/><macrocell id="FB1_MC8" pin="FB1_MC8_PIN4"/><macrocell id="FB1_MC9" pin="FB1_MC9_PIN5"/><macrocell id="FB1_MC10"/><macrocell id="FB1_MC11" pin="FB1_MC11_PIN6"/><macrocell id="FB1_MC12"/><macrocell id="FB1_MC13"/><macrocell id="FB1_MC14" pin="FB1_MC14_PIN7"/><macrocell id="FB1_MC15" pin="FB1_MC15_PIN8"/><macrocell id="FB1_MC16"/><macrocell id="FB1_MC17" pin="FB1_MC17_PIN9"/><macrocell id="FB1_MC18"/></fblock><fblock id="FB2" inputUse="1" pinUse="1"><macrocell id="FB2_MC1"/><macrocell id="FB2_MC2" pin="FB2_MC2_PIN35" sigUse="1" signal="Y0_SPECSIG"><pterms pt1="FB2_2_1"/></macrocell><macrocell id="FB2_MC3"/><macrocell id="FB2_MC4"/><macrocell id="FB2_MC5" pin="FB2_MC5_PIN36"/><macrocell id="FB2_MC6" pin="FB2_MC6_PIN37"/><macrocell id="FB2_MC7"/><macrocell id="FB2_MC8" pin="FB2_MC8_PIN38"/><macrocell id="FB2_MC9" pin="FB2_MC9_PIN39"/><macrocell id="FB2_MC10"/><macrocell id="FB2_MC11" pin="FB2_MC11_PIN40"/><macrocell id="FB2_MC12"/><macrocell id="FB2_MC13"/><macrocell id="FB2_MC14" pin="FB2_MC14_PIN42"/><macrocell id="FB2_MC15" pin="FB2_MC15_PIN43"/><macrocell id="FB2_MC16"/><macrocell id="FB2_MC17" pin="FB2_MC17_PIN44"/><macrocell id="FB2_MC18"/><fbinput id="FB2_I1" signal="X0_SPECSIG"/><pterm id="FB2_2_1"><signal id="X0_SPECSIG" negated="ON"/></pterm><equation id="Y0_SPECSIG" userloc="P35"><d2><eq_pterm ptindx="FB2_2_1"/></d2></equation></fblock><fblock id="FB3" inputUse="0" pinUse="4"><macrocell id="FB3_MC1"/><macrocell id="FB3_MC2" pin="FB3_MC2_PIN11"/><macrocell id="FB3_MC3"/><macrocell id="FB3_MC4"/><macrocell id="FB3_MC5" pin="FB3_MC5_PIN12"/><macrocell id="FB3_MC6"/><macrocell id="FB3_MC7"/><macrocell id="FB3_MC8" pin="FB3_MC8_PIN13"/><macrocell id="FB3_MC9" pin="FB3_MC9_PIN14"/><macrocell id="FB3_MC10"/><macrocell id="FB3_MC11" pin="FB3_MC11_PIN18"/><macrocell id="FB3_MC12"/><macrocell id="FB3_MC13"/><macrocell id="FB3_MC14" pin="FB3_MC14_PIN19"/><macrocell id="FB3_MC15" pin="FB3_MC15_PIN20"/><macrocell id="FB3_MC16" pin="FB3_MC16_PIN24"/><macrocell id="FB3_MC17" pin="FB3_MC17_PIN22"/><macrocell id="FB3_MC18"/></fblock><fblock id="FB4" inputUse="4" pinUse="3"><macrocell id="FB4_MC1"/><macrocell id="FB4_MC2" pin="FB4_MC2_PIN25"/><macrocell id="FB4_MC3"/><macrocell id="FB4_MC4"/><macrocell id="FB4_MC5" pin="FB4_MC5_PIN26"/><macrocell id="FB4_MC6"/><macrocell id="FB4_MC7"/><macrocell id="FB4_MC8" pin="FB4_MC8_PIN27"/><macrocell id="FB4_MC9"/><macrocell id="FB4_MC10"/><macrocell id="FB4_MC11" pin="FB4_MC11_PIN28"/><macrocell id="FB4_MC12"/><macrocell id="FB4_MC13"/><macrocell id="FB4_MC14" pin="FB4_MC14_PIN29" sigUse="2" signal="Y1_SPECSIG"><pterms pt1="FB4_14_1" pt2="FB4_14_2"/></macrocell><macrocell id="FB4_MC15" pin="FB4_MC15_PIN33" sigUse="3" signal="Y2_SPECSIG"><pterms pt1="FB4_15_1" pt2="FB4_15_2" pt3="FB4_15_3"/></macrocell><macrocell id="FB4_MC16"/><macrocell id="FB4_MC17" pin="FB4_MC17_PIN34" sigUse="4" signal="Y3_SPECSIG"><pterms pt1="FB4_17_1" pt2="FB4_17_2" pt3="FB4_17_3" pt4="FB4_17_4"/></macrocell><macrocell id="FB4_MC18"/><fbinput id="FB4_I1" signal="X0_SPECSIG"/><fbinput id="FB4_I2" signal="X1_SPECSIG"/><fbinput id="FB4_I3" signal="X2_SPECSIG"/><fbinput id="FB4_I4" signal="X3_SPECSIG"/><pterm id="FB4_14_1"><signal id="X1_SPECSIG"/></pterm><pterm id="FB4_14_2"><signal id="X0_SPECSIG"/></pterm><pterm id="FB4_15_1"><signal id="X2_SPECSIG" negated="ON"/><signal id="X1_SPECSIG"/></pterm><pterm id="FB4_15_2"><signal id="X2_SPECSIG" negated="ON"/><signal id="X0_SPECSIG"/></pterm><pterm id="FB4_15_3"><signal id="X2_SPECSIG"/><signal id="X1_SPECSIG" negated="ON"/><signal id="X0_SPECSIG" negated="ON"/></pterm><pterm id="FB4_17_1"><signal id="X3_SPECSIG"/><signal id="X2_SPECSIG"/></pterm><pterm id="FB4_17_2"><signal id="X3_SPECSIG"/><signal id="X1_SPECSIG"/></pterm><pterm id="FB4_17_3"><signal id="X3_SPECSIG"/><signal id="X0_SPECSIG"/></pterm><pterm id="FB4_17_4"><signal id="X3_SPECSIG" negated="ON"/><signal id="X2_SPECSIG" negated="ON"/><signal id="X1_SPECSIG" negated="ON"/><signal id="X0_SPECSIG" negated="ON"/></pterm><equation id="Y1_SPECSIG" negated="ON" userloc="P29"><d1><eq_pterm ptindx="FB4_14_1"/></d1><d2><eq_pterm ptindx="FB4_14_2"/></d2></equation><equation id="Y2_SPECSIG" negated="ON" userloc="P33"><d2><eq_pterm ptindx="FB4_15_1"/><eq_pterm ptindx="FB4_15_2"/><eq_pterm ptindx="FB4_15_3"/></d2></equation><equation id="Y3_SPECSIG" negated="ON" userloc="P34"><d2><eq_pterm ptindx="FB4_17_1"/><eq_pterm ptindx="FB4_17_2"/><eq_pterm ptindx="FB4_17_3"/><eq_pterm ptindx="FB4_17_4"/></d2></equation></fblock><vcc/><gnd/><messages><warning>Cpld - Unable to retrieve the path to the iSE Project Repository. Will   use the default filename of 'Schematlab1.ise'.</warning></messages><compOpts exhaust="OFF" gclkopt="ON" gsropt="ON" gtsopt="ON" ignorets="OFF" inputs="54" keepio="OFF" loc="ON" mlopt="ON" optimize="SPEED" part="xc9572xl-10-PC44" power="STD" prld="LOW" pterms="25" slew="FAST" terminate="KEEPER" unused="OFF" wysiwyg="OFF"/><specSig signal="X3_SPECSIG" value="X&lt;3&gt;"/><specSig signal="X2_SPECSIG" value="X&lt;2&gt;"/><specSig signal="X1_SPECSIG" value="X&lt;1&gt;"/><specSig signal="X0_SPECSIG" value="X&lt;0&gt;"/><specSig signal="Y0_SPECSIG" value="Y&lt;0&gt;"/><specSig signal="Y1_SPECSIG" value="Y&lt;1&gt;"/><specSig signal="Y2_SPECSIG" value="Y&lt;2&gt;"/><specSig signal="Y3_SPECSIG" value="Y&lt;3&gt;"/></document>
